INSERT INTO `regionalbereich` (`ID`, `name`) VALUES
	(92,'Kurhessenbahn'),
	(5,'Mitte'),
	(2,'Nord'),
	(1,'Ost'),
	(8,'S-Bahn Berlin'),
	(9,'S-Bahn Hamburg'),
	(7,'Süd'),
	(4,'Südost'),
	(91,'Südostbayernbahn'),
	(6,'Südwest'),
	(3,'West'),
	(10,'Zentrale');
	
INSERT INTO `grund` (`ID`, `name`) VALUES
(1, 'keine Zustimmung Fahrplan'),
(2, 'Entscheidung Controlboard'),
(3, 'fehlende Anpassung LST'),
(4, 'technischer Defekt Baumaschine'),
(5, 'nachträgliche Bestelländerung'),
(6, 'verspätete Beauftragung'),
(7, 'Nichtnutzung (Reserve)'),
(8, 'Witterung'),
(9, 'Planungsfehler'),
(10, 'Material/Logistik'),
(11, 'kein Bieter'),
(12, 'fehlendes Planrecht'),
(13, 'Finanzierung'),
(14, 'Abstimmung/Disposition Baubetriebsplanung');

INSERT INTO `bearbeitungsbereich` (`ID`, `name`, `regionalbereich_ID`) VALUES
(1, 'Team Ost', 4),
(2, 'Team West', 4),
(3, 'Team Umleitung', 4),
(4, 'Nord', 5),
(5, 'Süd', 5),
(6, 'Südwest', 5),
(7, 'Süd', 7),
(8, 'Südost', 7),
(9, 'West', 7),
(10, 'Zentral', 7),
(11, 'Nord', 7),
(12, 'Nordost', 7),
(13, 'Ost', 7),
(14, 'alle', 1),
(15, 'Nord', 1),
(16, 'Berlin - Hamburg', 1),
(17, 'Berlin', 1),
(18, 'Süd', 1);

INSERT INTO `nachbarbahn`(`ID`, `name`) VALUES
(1, 'SBB'),
(2, 'ÖBB'),
(3, 'SNCF'),
(4, 'NS/ ProRail'),
(5, 'CD'),
(6, 'PKP'),
(7, 'Dänische Staatsbahn'),
(8, 'Ungarische Staatsbahn'),
(9, 'Schweden'),
(10, 'Belgien'),
(11, 'Luxembourg');

INSERT INTO `evu`(`ID`, `kundennr`,`name`) VALUES
(1, 'B1251', 'DB Regio AG, RB Berlin-Brandenburg'),
(2, 'B1252', 'DB Regio AG, RB Mecklenburg-Vorp.'),
(3, 'B1255', 'DB Regio AG, Ostseeküste'),
(4, 'B1256', 'DB Regio AG, Option 1'),
(5, 'B1257', 'DB Regio AG, Option 2'),
(6, 'B1452', 'Railion Deutschland AG, Cargo Zentrum B'),
(7, 'B1701', 'I.NDI-BLN-M- Maschinenpool'),
(8, 'B1715', 'I.NDI-BLN-L , BNB Ost'),
(9, 'B2001', 'S-Bahn Berlin GmbH'),
(10, 'B2002', 'S-Bahn Berlin GmbH'),
(11, 'B3001', 'Ostseeland Verkehr GmbH, NL Neubrandenbg'),
(12, 'B3002', 'Prignitzer Eisenbahn GmbH'),
(13, 'B3005', 'Ostseeland Verkehr GmbH'),
(14, 'B3006', 'Ostseeland Verkehr GmbH'),
(15, 'B3007', 'AHG Handel & Logistik GmbH & Co. KG'),
(16, 'B3009', 'DB Services Nordost GmbH'),
(17, 'B3010', 'Nostalgie Express Berlin e.V.'),
(18, 'B3011', 'Stadler Pankow GmbH'),
(19, 'B3012', 'Deutsche Bahn AG, Qualität'),
(20, 'B3014', 'LUTRA GmbH'),
(21, 'B3015', 'ODEG Ostdeutsche Eisenbahn GmbH'),
(22, 'B3016', 'Ostseeland Verkehr GmbH, Neubrandenburg'),
(23, 'B3017', 'LOCON LOGISTIK & CONSULTING AG'),
(24, 'B3018', 'Berlin-Brandenburgische Eisenbahn GmbH'),
(25, 'B3021', 'Eichholz Eivel GmbH'),
(26, 'B3022', 'ekr-bahnlogistik & bauüberwachung GmbH'),
(27, 'B3023', 'NEB Betriebsgesellschaft mbH'),
(28, 'B3024', 'Prignitzer Eisenbahn GmbH'),
(29, 'B3025', 'Georg Verkehrsorganisation GmbH'),
(30, 'B3026', 'B-S-L GmbH Betrieb-Service-Logistik'),
(31, 'B3028', 'EGP Eisenbahn-Gesellschaft Potsdam mbH'),
(32, 'B3029', 'RCB rail center Bützow GmbH & Co.KG'),
(33, 'B3030', 'AmE Raillogistik GmbH'),
(34, 'B3031', 'Hanseatic Rail AG'),
(35, 'B3032', 'Berliner Hafen- u. Lagerhausgesellschaft'),
(36, 'B3033', 'Laeger & Wöstenhöfer GmbH & Co.KG'),
(37, 'B3038', 'ELS Eisenbahn Logistik und Service GmbH'),
(38, 'B3046', 'DeltaRail GmbH'),
(39, 'B3047', 'Energy Rail GmbH'),
(40, 'B3048', 'ODEG Ostdeutsche Eisenbahn GmbH'),
(41, 'B3049', 'Havelländische Eisenbahn AG'),
(42, 'B3050', 'Anschlußbahn-Servicegesellschaft Press.'),
(43, 'B4001', 'Bombardier Transportation GmbH'),
(44, 'B4003', 'EKO Transportgesellschaft mbH'),
(45, 'B4005', 'Neukölln-Mittenwalder Eisenbahn'),
(46, 'B4006', 'Usedomer Bäderbahn GmbH'),
(47, 'B4007', 'Havelländische Eisenbahn AG'),
(48, 'B4008', 'Berliner Eisenbahnfreunde e.V.'),
(49, 'B4009', 'Deutsche Regionaleisenbahn GmbH'),
(50, 'B4010', 'Prignitzer Eisenbahn GmbH'),
(51, 'B4011', 'Ostseeland Verkehr GmbH, Neubrandenburg'),
(52, 'B4016', 'EKO-Transportgesellschaft mbH'),
(53, 'B4017', 'Niederbarnimer Eisenbahn AG'),
(54, 'B4019', 'Röbel/Müritz Eisenbahn GmbH RME'),
(55, 'B4020', 'SLG SPITZKE LOGISTIK GmbH'),
(56, 'B4021', 'Rügensche Kleinbahn GmbH & Co. KG'),
(57, 'B4022', 'Lausitzer Dampflok Club e.V.'),
(58, 'B4023', 'Ei.L.T. GmbH'),
(59, 'B4025', 'Regiobahn Bitterfeld Berlin GmbH, NL Bln'),
(60, 'B4026', 'D & D Eisenbahngesellschaft mbH'),
(61, 'B4027', 'DB Fahrzeuginstandhaltung GmbH,  Cottbus'),
(62, 'B4028', 'DB Fahrzeuginstandhaltung GmbH, Werk Wtb'),
(63, 'B6001', 'Deutsche Gleis- und Tiefbau GmbH'),
(64, 'B6017', 'MGW Gleis- und Weichenbau GmbH & Co. KG'),
(65, 'B6027', 'Spitzke AG, UB Gleisbaumaschinen'),
(66, 'B6031', 'Balfour Beatty Rail GmbH'),
(67, 'B6033', 'pethoplan GmbH'),
(68, 'B6036', 'Deutsche Gleis- und Tiefbau GmbH'),
(69, 'B6037', 'Deutsche Gleis- und Tiefbau GmbH'),
(70, 'B6038', 'Deutsche Gleis- und Tiefbau GmbH'),
(71, 'B6039', 'Planung Bau Extern'),
(72, 'B6040', 'Deutsche Gleis- und Tiefbau GmbH'),
(73, 'B6041', 'Deutsche Gleis- und Tiefbau GmbH'),
(74, 'B6042', 'Havelländische Eisenbahn AG'),
(75, 'B6043', 'TRAPP TIEF-UND GLEISBAU GMBH'),
(76, 'B6050', 'Elpro Verkehrstechnik GmbH'),
(77, 'B6051', 'Spezial Tiefbau Borgsdorf GmbH'),
(78, 'B6052', 'Alpha Rail Team GmbH & Co.KG'),
(79, 'B7011', 'IAV Kunde (Pv)'),
(80, 'B7012', 'IAV Kunde (Gv)'),
(81, 'B7013', 'IAV Kunde (Sonst_V)'),
(82, 'B9900', 'NL Ost, BZ (nur für GFD)'),
(83, 'B9901', 'NL Ost, GB Netz (nur für GFD)'),
(84, 'D1251', 'Regio NRW Rheinland Verkehrsvertrag'),
(85, 'D1252', 'Regio NRW Rhein-Ruhr Verkehrsvertrag'),
(86, 'D1253', 'Regio NRW GmbH, PC Münster'),
(87, 'D1259', 'Regio NRW Rhein-Ruhr Haard Achse'),
(88, 'D1260', 'Regio NRW GB Westfalen Netz-Münster-West'),
(89, 'D1261', 'Regio NRW GB Rheinland Dieselnetz'),
(90, 'D1262', 'Regio NRW GB Westfalen Drei-Länder-Bahn'),
(91, 'D1263', 'Regio NRW GB Westfalen Sauerland-Netz'),
(92, 'D1264', 'Regio NRW GB Flottenmanagement'),
(93, 'D1265', 'Regio NRW Leitstelle  Fahrbetrieb'),
(94, 'D1266', 'Regio NRW Planungsbüro Rheinland'),
(95, 'D1267', 'Regio NRW Planungsbüro Rhein-Ruhr'),
(96, 'D1268', 'Regio NRW Planungsbüro Westfalen'),
(97, 'D1411', 'RBH Fahrzeuginstandhaltung'),
(98, 'D1412', 'RBH Werksbahn TSW 1'),
(99, 'D1413', 'RBH Werksbahn TSW 2'),
(100, 'D1414', 'RBH TSG DSK Transp. Pauschal'),
(101, 'D1415', 'RBH TSG DSK Transp. Zusatz'),
(102, 'D1416', 'RBH TSG RVG TMV SE Transp.'),
(103, 'D1417', 'RBH TSG MinÖl/Cont. Transp.'),
(104, 'D1418', 'RBH TSG Nebenanschließer Transp.'),
(105, 'D1419', 'RBH TSG Sonst.'),
(106, 'D1452', 'Railion D., TB EWV CZ Duisbg (Zgg 63-65)'),
(107, 'D1453', 'Railion D., TB EWV CZ Hagen (Zgg 63-65)'),
(108, 'D1455', 'Railion D., TB EWV CZ Köln (Zgg 63-65)'),
(109, 'D1712', 'I.NDI-OBN-L , BNB West'),
(110, 'D3102', 'RLG Regionalverkehr Ruhr-Lippe GmbH'),
(111, 'D3103', 'EfW Verkehrsgesellschaft , Köln'),
(112, 'D3104', 'Chemion Logistik GmbH Bahnbetriebe'),
(113, 'D3105', 'Rail 4 chem Eisenbahnverkehrs GmbH'),
(114, 'D3107', 'SLG Spitzke Logistik GmbH, NL Bochum'),
(115, 'D3113', 'Rurtalbahn GmbH'),
(116, 'D3114', 'ABELLIO Rail NRW GmbH'),
(117, 'D3115', 'duisport rail GmbH'),
(118, 'D3116', 'Wanne-Herner Eisenbahn und Hafen GmbH'),
(119, 'D3117', 'NV Dillen & Le Jeune Cargo SA'),
(120, 'D3118', 'ERS Railways B.V.'),
(121, 'D3119', 'Railogic GmbH'),
(122, 'D3120', 'AStrans Speditions-GmbH , Bottrop'),
(123, 'D3125', 'HGK, Köln-Ölverkehre'),
(124, 'D3126', 'WestfalenBahn GmbH'),
(125, 'D3127', 'Arriva Personenvervoer Nederland B.V.'),
(126, 'D3128', 'Westigo GmbH'),
(127, 'D3135', 'EH Güterverkehr GmbH Bereich Technik'),
(128, 'D3136', 'SNCB / Direction Marchandises Bruxelles'),
(129, 'D3137', 'Bocholter Eisenbahngesellschaft mbH'),
(130, 'D3138', 'Eggegebirgsbahn GmbH'),
(131, 'D3139', 'TSD Transport-Schienen-Dienst GmbH'),
(132, 'D3148', 'TSD Transport-Schienen-Dienst GmbH -PV-'),
(133, 'D3151', 'Neuss-Düsseldorfer Häfen GmbH&CO.KG-Kalk'),
(134, 'D3152', 'Neuss-Düsseldorfer Häfen GmbH&CO.KG-Salz'),
(135, 'D3153', 'Mülheimer VerkehrsGesellschaft mbH'),
(136, 'D3154', 'Rail4Chem "TX-Müllverkehr"'),
(137, 'D3155', 'ETS Eisenbahn-Verkehrsgesellschaft mbH'),
(138, 'D3156', 'Rhenus Rail Logistics GmbH'),
(139, 'D4103', 'Niederrheinische Verkehrsbetriebe AG'),
(140, 'D4104', 'Häfen und Güterverkehr Köln'),
(141, 'D4106', 'Bombardier Transportation,  Werk Aachen'),
(142, 'D4111', 'Rhein-Sieg-Eisenbahn-Betriebsges.  Bonn'),
(143, 'D4117', 'Bahnen der Stadt Monheim'),
(144, 'D4120', 'Städtische Hafenbetriebe Krefeld'),
(145, 'D4122', 'Neuss-Düsseldorfer Häfen GmbH & Co. KG.'),
(146, 'D4125', 'EH Güterverkehr GmbH'),
(147, 'D4126', 'Westerwaldbahn'),
(148, 'D4129', 'KSW Kreisbahn Siegen-Wittgenstein GmbH'),
(149, 'D4131', 'DGEG Bahn & Reisen Bochum AG'),
(150, 'D4132', 'TWE Bahnbetriebs GmbH, Gütersloh'),
(151, 'D4133', 'RVM Regionalverk. Münsterland Lippstadt'),
(152, 'D4134', 'Ges. d. Förderer d. Museumseisenb. Hamm'),
(153, 'D4138', 'Dortmunder Eisenbahn GmbH'),
(154, 'D4139', 'WLE Westfälische Landes-Eisenbahn GmbH'),
(155, 'D4141', 'Eifelbahn Verkehrsgesellschaft'),
(156, 'D4143', 'AAE,  Ahaus Alstätter Eisenbahn GmbH'),
(157, 'D4144', 'Regiobahn Fahrbetriebsgesellschaft mbH'),
(158, 'D4147', 'RBH Logistics GmbH'),
(159, 'D4148', 'Hellertalbahn, Steinebach'),
(160, 'D4149', 'RBE, Rheinisch-Bergische Eisenbahn GmbH'),
(161, 'D4150', 'Rhein-Sieg-Verkehrsges. mbH, Troisdorf'),
(162, 'D4153', 'Westfälische Almetalbahn GmbH (Gv)'),
(163, 'D4155', 'Prüfcenter Wegberg-Wildenrath (Siemens)'),
(164, 'D6101', 'Kölngleis Gleisbau GmbH & Co KG, Köln'),
(165, 'D6103', 'J. Hubert GmbH&Co. KG, Bochum'),
(166, 'D6105', 'R. R. Gleisbau GmbH & Co. KG, Hamm'),
(167, 'D6106', 'Deutsche Bahn Gleisbau, Duisbg., DBG TO'),
(168, 'D6109', 'Becker Bahn- und Tiefbau GmbH,Oberhausen'),
(169, 'D6110', 'Heitkamp Rail GmbH, Herne'),
(170, 'D6115', 'Deutsche Bahn Gleisbau, Duisbg., DBG TM'),
(171, 'D6116', 'Deutsche Bahn Gleisbau, Duis., DBT1/Disp'),
(172, 'D6117', 'Deutsche Bahn Gleisbau, Duis., DBT1/Dort'),
(173, 'D6118', 'Deutsche Bahn Gleisbau, Duis., DTS'),
(174, 'D6119', 'J.M. Lauff GmbH'),
(175, 'D6120', 'VolkerRail Nederland bv'),
(176, 'D6121', 'ELG GmbH'),
(177, 'D7011', 'IAV Kunde (Pv)'),
(178, 'D7012', 'IAV Kunde (Gv)'),
(179, 'D7013', 'IAV Kunde (Sonst_V)'),
(180, 'D7501', 'HGK (Freight-Freeway)'),
(181, 'D7502', 'NS Cargo (Freight-Freeway)'),
(182, 'D7503', 'Short Lines BV (Freight-Freeway)'),
(183, 'D7504', 'Moerdijk (Freight-Freeway)'),
(184, 'D9910', 'NL West, BZ (nur für GFD)'),
(185, 'D9911', 'NL West, GB Netz (nur für GFD)'),
(186, 'F1251', 'DB Regio, Region Südwest'),
(187, 'F1253', 'VB Rhein-Main'),
(188, 'F1256', 'VB S-Bahn'),
(189, 'F1257', 'VB Rhein-Main'),
(190, 'F1258', 'VB Kurhessen-/Mittelhessen'),
(191, 'F1259', 'VB Kurhessen-/Mittelhessen'),
(192, 'F1452', 'Railion D., TB EWV CZ FrankfM(Zgg 63-65)'),
(193, 'F1711', 'I.NDI-HNU-L , BNB Mitte'),
(194, 'F3201', 'Trans Regio Deutsche Regionalbahn GmbH'),
(195, 'F3202', 'HLB Basis AG - BS Butzbach - Linie 36'),
(196, 'F3203', 'HLB Basis AG - BS Butzbach - Linie 33'),
(197, 'F3205', 'Eurolux'),
(198, 'F3206', 'TransRegio Deutsche Regionalbahn GmbH'),
(199, 'F3208', 'Nordbayerische Eisenbahngesellschaft-Gv'),
(200, 'F3209', 'Hessische Güterbahn GmbH'),
(201, 'F3210', 'Bombardier Transportation Kassel BR146'),
(202, 'F3211', 'Brohltal-Schmalspureisenbahn Betr. GmbH'),
(203, 'F3212', 'Vulkan-Eifel-Bahn Betriebsges.mbH'),
(204, 'F3213', 'Vulkan-Eifel-Bahn Betriebsges.mbH'),
(205, 'F3214', 'Nordbayerische Eisenbahngesellschaft'),
(206, 'F3215', 'VIAS GmbH'),
(207, 'F3216', 'HLB Hessenbahn GmbH Standort Butzbach'),
(208, 'F3217', 'Nordhessischer VerkehrsVerbund (NVV)'),
(209, 'F3226', 'TX Logistik AG 53604 Bad Honnef'),
(210, 'F3227', 'Nordbayerische Eisenbahngesellschaft(Gv)'),
(211, 'F3229', 'Stock, Mainz'),
(212, 'F3231', 'Rheinhessische Eisenbahn Gv'),
(213, 'F3232', 'HWB Verkehrsges. mbH Spotverkehre'),
(214, 'F3233', 'Hessische Güterbahn GmbH ZubringerVK. Gv'),
(215, 'F3234', 'Pollmeier Massivholz GmbH & Co.KG'),
(216, 'F3235', 'Ges. für Logistik u. Vegetationsdienste'),
(217, 'F3236', 'Ges. für Logistik u. Vegetationsdienste'),
(218, 'F3246', 'Ges. für Logistik u. Vegetationsdienste'),
(219, 'F3247', 'Holzhof Breitenbach'),
(220, 'F3248', 'Kombiverkehr'),
(221, 'F4203', 'Rheinhessische Eisenbahn GmbH'),
(222, 'F4204', 'DME, Museums-Eisenbahn GmbH Darmstadt'),
(223, 'F4205', 'HLB Basis AG - BS Butzbach -'),
(224, 'F4206', 'HLB Basis AG - BS Königstein -'),
(225, 'F4207', 'Kahlgrund-Verkehrsgesellschaft mbH'),
(226, 'F4208', 'HLB Basis AG - BS Kassel -'),
(227, 'F4209', 'Eisenbahnfreunde Schwalm-Knüll e.V.'),
(228, 'F4211', 'Georg GmbH, Frankfurt'),
(229, 'F4213', 'Bombardier Transportation Kassel BR101'),
(230, 'F4215', 'HLB Basis AG - BS Königstein - Lin.12/13'),
(231, 'F4218', 'HLB Basis AG - BS Kassel - Lin.R30+RB39'),
(232, 'F4219', 'Bombardier Transportation Kassel BR145'),
(233, 'F4220', 'Bombardier Transportation Kassel VT611'),
(234, 'F4221', 'Bombardier Transportation Kassel BR250'),
(235, 'F4222', 'Bombardier Transportation Kassel so.Vk.'),
(236, 'F4223', 'HLB Basis AG - BS Butzbach - Lin. 31/32'),
(237, 'F4231', 'Bombardier Transportation Kassel div.Fz.'),
(238, 'F4232', 'Bombardier Transportation Kassel BR185'),
(239, 'F4234', 'HLB Basis AG - BS Butzbach - Linie 16'),
(240, 'F4235', 'HLB Basis AG - BS Königstein - Linie 15'),
(241, 'F4236', 'HWB Verkehrsges. mbH'),
(242, 'F4237', 'vectus Verkehrsges. mbH'),
(243, 'F4240', 'vectus Verkehrsges. mbH'),
(244, 'F4242', 'Fahrzeuginstandhaltung Werk Kassel'),
(245, 'F4244', 'HLB Basis AG - BS Kassel - GV'),
(246, 'F4245', 'BTS Bahntec GmbH'),
(247, 'F4246', 'HWB Verkehrsges. mbH'),
(248, 'F4248', 'cantus Verkehrsges. mbH'),
(249, 'F4249', 'cantus Verkehrsges. mbH (Sonderverk.)'),
(250, 'F4250', 'SLG Spitzke Logistik GmbH'),
(251, 'F6201', 'Krebs GmbH & Co.KG Bad Münster am Stein'),
(252, 'F6203', 'Reisse, Kassel'),
(253, 'F6204', 'Hans Kaiser GmbH&Co.KG Tann(Rhön)'),
(254, 'F6207', 'DGU Deutsche Gleisbau-Union GmbH & Co KG'),
(255, 'F6210', 'Krebs GmbH, Baumschine EM-Sat 120'),
(256, 'F6211', 'Hartung-Bau GmbH&Co KG'),
(257, 'F6213', 'HWB Verkehrsges. mbH'),
(258, 'F6216', 'DIE-LEI GmbH'),
(259, 'F6220', 'Hessische Güterbahn GmbH ZubringerVK.Bau'),
(260, 'F6221', 'DIE-LEI GmbH Dispostelle Köln'),
(261, 'F6222', 'DIE-LEI GmbH Dispostelle Stuttgart'),
(262, 'F7007', '07. Kunde für Kalkulationstool, NL Mitt'),
(263, 'F7008', '08. Kunde für Kalkulationstool, NL Mitt'),
(264, 'F7009', '09. Kunde für Kalkulationstool, NL Mitt'),
(265, 'F7011', 'IAV Kunde (Pv)'),
(266, 'F7012', 'IAV Kunde (Gv)'),
(267, 'F7013', 'IAV Kunde (Sonst_V)'),
(268, 'F7550', 'RNV Kurhessenbahn'),
(269, 'F7551', 'WestFrankenBahn'),
(270, 'F7552', 'WestFrankenBahn'),
(271, 'F9920', 'NL Mitte, BZ (nur für GFD)'),
(272, 'F9921', 'NL Mitte, GB Netz (nur für GFD)'),
(273, 'H0410', 'DB Systemtechnik Minden'),
(274, 'H1251', 'DB Regio RB Niedersachs./Bremen'),
(275, 'H1260', 'S-Bahn Hannover'),
(276, 'H1452', 'Railion D., TB EWV CZ HH-Mas (Zgg 63-65)'),
(277, 'H1454', 'Railion D., TB EWV CZ Bremen (Zgg 63-65)'),
(278, 'H1455', 'Railion D., TB EWV CZ Hanno (Zgg 63-65)'),
(279, 'H1456', 'Railion D., TB EWV CZ HH-Haf (Zgg 63-65)'),
(280, 'H1710', 'I.NDI-HAN-L , BNB Nord'),
(281, 'H2301', 'DB Regio AG - Region Nord, Regionalb. SH'),
(282, 'H2401', 'S-Bahn Hamburg'),
(283, 'H3301', 'AKN auf S-Bahn Strecken'),
(284, 'H3302', 'Weserbahn GmbH (Pv)'),
(285, 'H3303', 'metronom Eisenbahngesellschaft mbH'),
(286, 'H3304', 'Verkehrsbetriebe Grafschaft Hoya GmbH'),
(287, 'H3305', 'EVB Container-Verkehre NECOSS Projekt'),
(288, 'H3307', 'CTL Rail GmbH'),
(289, 'H3308', 'NBE Nordbahn Eisenbahngesellschaft mbH'),
(290, 'H3310', 'Bentheimer Eisenbahn AG'),
(291, 'H3313', 'Mittelweserbahn MWB GmbH/ECCO-Cargo'),
(292, 'H3314', 'Freunde des Schienenverkehrs e.V.'),
(293, 'H3315', 'IGT Inbetriebn.ges. Transporttechnik mbH'),
(294, 'H3316', 'DWK GmbH & Co. KG'),
(295, 'H3324', 'Weserbahn GmbH (Gv)'),
(296, 'H3325', 'Farge Vegesacker Eisenbahn (FVE) Bremen'),
(297, 'H3326', 'SHE Südharz Eisenbahn GmbH (Gv)'),
(298, 'H3327', 'EVB Container-Verkehre Necoss Süd - Ost'),
(299, 'H3329', 'Osthannoversche Eisenbahn -Holzverkehre-'),
(300, 'H3330', 'boxXpress.de GmbH'),
(301, 'H3331', 'neg Niebüll GmbH'),
(302, 'H3332', 'Schleswig-Holstein-Bahn GmbH (SHB)'),
(303, 'H3337', 'metronom Eisenbahngesellschaft mbH Hmb S'),
(304, 'H3338', 'metronom Eisenbahngesellschaft mbH ACV'),
(305, 'H3339', 'metronom Eisenbahngesellschaft mbH Süd'),
(306, 'H3340', 'Mittelweserbahn MWB GmbH/Cargo'),
(307, 'H3341', 'Mittelweserbahn MWB GmbH / Container'),
(308, 'H3342', 'Mittelweserbahn MWB GmbH / RCB'),
(309, 'H3346', 'CFL Cargo Deutschland GmbH, CFL Cargo S.'),
(310, 'H3347', 'BBL Logistik GmbH'),
(311, 'H3348', 'HBG-HI Hafenbetriebsges. Hildesheim mbH'),
(312, 'H4302', 'MKB Mindener Kreisbahn'),
(313, 'H4303', 'EVB Personenverkehr'),
(314, 'H4304', 'EVB Güterverkehr'),
(315, 'H4306', 'AKN Personenverkehr'),
(316, 'H4307', 'AKN Güterverkehr'),
(317, 'H4310', 'Vossloh Schienenfahrzeugtechnik'),
(318, 'H4312', 'VVM Museumsbahn, Schönberg Holstein'),
(319, 'H4313', 'Seehafen, Kiel'),
(320, 'H4314', 'Eurokombi (EVB)'),
(321, 'H4315', 'DHE-Delmenhorst-Harpstedter Eisenb.-Ges.'),
(322, 'H4316', 'Emsländische Eisenbahnen GmbH'),
(323, 'H4318', 'BTE Bremen-Thedinghauser-Eisenbahn GmbH'),
(324, 'H4319', 'OHE Osthannoversche Eisenbahnen AG'),
(325, 'H4320', 'VPS Verkehrsbetriebe Peine-Salzgitter'),
(326, 'H4321', 'VPS zusätzliche Züge'),
(327, 'H4322', 'Warnetalbahn, Salzgitter'),
(328, 'H4323', 'Verden-Walsroder Eisenbahn GmbH'),
(329, 'H4324', 'VEV Vorwohle-Emmerthaler Verkehrsbetrieb'),
(330, 'H4325', 'Verkehrsgesellschaft Landkrs.Osnabrück'),
(331, 'H4326', 'Museumseisen-/Küstenbahn Ostfriesland'),
(332, 'H4334', 'Mittelweserbahn MWB GmbH'),
(333, 'H4335', 'Ilmetalbahn Einbeck'),
(334, 'H4337', 'Gemeinde Westerstede /MAS'),
(335, 'H4338', 'GVG Gleis- und Verkehrslogistik GmbH'),
(336, 'H4339', 'Museumsbahn Bremerhaven-Bederkesa'),
(337, 'H4340', 'NOB Nordostseebahn (Connex)'),
(338, 'H4341', 'NWB Nordwestbahn (Connex)'),
(339, 'H4342', 'CFL Cargo Deutschland GmbH'),
(340, 'H4343', 'NORDIC Rail GmbH'),
(341, 'H4345', 'Vorbereitungsges. Transporttechnik (VGT)'),
(342, 'H4347', 'NordWestBahn GmbH, HB-Netz'),
(343, 'H4348', 'NOB Nordostseebahn (Connex), Netz West'),
(344, 'H4349', 'NWB Nordwestbahn (Connex), B1 Netz'),
(345, 'H4350', 'SHE Südharz Eisenbahn GmbH (Pv)'),
(346, 'H4351', 'NWB Nordwestbahn (Connex), Senne-Netz'),
(347, 'H4352', 'EVB Container-Verkehre Necoss Ost'),
(348, 'H4353', 'NBI 4 Minden (Inspektion Gleisgeometr'),
(349, 'H4354', 'NBI 4 Minden (Inspektionen Gleise Sch'),
(350, 'H4355', 'NBI 4 Minden (F-Prüfung Oberleitung)'),
(351, 'H6303', 'Schweerbau (Gleisbau) Stadthagen'),
(352, 'H6305', 'H.F. Wiebe, Achim'),
(353, 'H6306', 'GBM Hermann Wiebe, Achim'),
(354, 'H6311', 'Bauunternehmung Schneider&Schneider GmbH'),
(355, 'H6312', 'Logistik, Dienstleistungen&Service'),
(356, 'H6313', 'H.F. Wiebe GmbH C/o BLP'),
(357, 'H6314', 'H. F. Wiebe GmbH, c/o GBM Wiebe'),
(358, 'H6315', 'Schweerbau Berlin c/o Schweerbau Stadthg'),
(359, 'H6317', 'HSL-Logistik, GmbH'),
(360, 'H6318', 'SLG Spitzke Logistik GmbH, NL Lüneburg'),
(361, 'H6319', 'Hans Strube GmbH'),
(362, 'H7011', 'IAV Kunde (Pv)'),
(363, 'H7012', 'IAV Kunde (Gv)'),
(364, 'H7013', 'IAV Kunde (Sonst_V)'),
(365, 'H7501', 'DSB Goods (Freight-Freeway)'),
(366, 'H7502', 'PBS-Private Rail Sönderjylland (Freeway)'),
(367, 'H7503', 'Maersk (Freight-Freeway)'),
(368, 'H7509', 'DB Netz Zentrale FFM (Freight-Freeway)'),
(369, 'H9930', 'NL Nord, BZ (nur für GFD)'),
(370, 'H9931', 'NL Nord, GB Netz (nur für GFD)'),
(371, 'K1251', 'VB RheinNeckar'),
(372, 'K1252', 'VB Württemberg'),
(373, 'K1256', 'VB Südbaden'),
(374, 'K1257', 'VB S-Bahn Stuttgart'),
(375, 'K1259', 'S-Bahn RheinNeckar'),
(376, 'K1260', 'VB Schwarzwaldbahn'),
(377, 'K1452', 'Railion D., TB EWV CZ Mannhm (Zgg 63-65)'),
(378, 'K1455', 'Railion D., TB EWV CZ Stuttg (Zgg 63-65)'),
(379, 'K1456', 'Railion D., TB EWV CZ Saarbr (Zgg 63-65)'),
(380, 'K1713', 'I.NDI-KAR-L , BNB Südwest'),
(381, 'K3401', 'Keolis Deutschland GmbH & Co KG'),
(382, 'K3402', 'Kreisverkehrs- u. Infrastr. St. Wendel'),
(383, 'K3403', 'SBB AG Division Pv GB Regionalverkehr'),
(384, 'K3405', 'HUPAC, Transportgesellschaft, Singen'),
(385, 'K3406', 'MVV Verkehr AG, Mannheim'),
(386, 'K3407', 'SBB Cargo'),
(387, 'K3408', 'BahnLog'),
(388, 'K3409', 'NeSA / Speno'),
(389, 'K3410', 'WEG Waiblingen (GV)'),
(390, 'K3411', 'ESG Vaihingen / Enz'),
(391, 'K3414', 'Cargo Rail, Dillingen'),
(392, 'K3415', 'SBB Cargo Kantonsverkehre'),
(393, 'K3418', 'Hohenzollerische Landesbahn (Gv)'),
(394, 'K3420', 'Zweckverband Schönbuchbahn'),
(395, 'K3421', 'SBB GmbH Wiesental'),
(396, 'K3422', 'RAB (Nordschwarzwald)'),
(397, 'K3423', 'Bräunert Eisenbahnverkehr GmbH&Co KG'),
(398, 'K3424', 'Rhenus-Veniro GmbH & Co KG'),
(399, 'K3425', 'Keolis Deutschland (Hellweg-Netz)'),
(400, 'K3426', 'RP Eisenbahn'),
(401, 'K3428', 'AVG (Güterverkehr)'),
(402, 'K3429', 'BLS Cargo'),
(403, 'K3430', 'TIM Rail Eisenbahngesellschaft mbH'),
(404, 'K3431', 'Rangier, Service & Transp., St. Ingbert'),
(405, 'K3432', 'Frey Service GmbH Südwest'),
(406, 'K3443', 'SBB Cargo Deutschland'),
(407, 'K3444', 'Leonhard Weiss Storma'),
(408, 'K3445', 'Umwelt + Transportlogistik GmbH'),
(409, 'K3446', 'RAR Eisenbahn-Service AG'),
(410, 'K3449', 'Zweckverband SPNV Süd'),
(411, 'K3450', 'SBB AG Grenzverkehr Konstanz'),
(412, 'K3451', 'THURBO AG'),
(413, 'K3452', 'Kürzung Regmittel DBRegio Rh-Pf'),
(414, 'K4401', 'SBB GmbH Seehas'),
(415, 'K4402', 'Zweckverband Kandertalbahn'),
(416, 'K4403', 'Kuckucks-Bähnel'),
(417, 'K4404', 'Elsenztalbahn GmbH'),
(418, 'K4405', 'Südwestdeutsche Verkehrs AG'),
(419, 'K4406', 'BASF AG'),
(420, 'K4408', 'AVG Albtal-Verkehrs-Gesellschaft mbH'),
(421, 'K4410', 'Wutachtalbahn, Blumenberg'),
(422, 'K4411', 'Pfalzbahn Eisenbahnbetriebsges.mbH'),
(423, 'K4413', 'SBB GmbH Seehäsle'),
(424, 'K4414', 'AVG (Regelverkehr)'),
(425, 'K4415', 'MECL Museums-Eisenbahn-Club Losheim'),
(426, 'K4416', 'Saarbahn GmbH, Saarbrücken'),
(427, 'K4418', 'Hzl (Pv) Sonderverkehr'),
(428, 'K4421', 'RAB'),
(429, 'K4422', 'Eisenbahnbetriebe Mittlerer Neckar (EMN)'),
(430, 'K4423', 'HzL (Ringzug)'),
(431, 'K4426', 'WEG (Sonderverkehr)'),
(432, 'K4427', 'WEG, Strecke TKO E - TSFE'),
(433, 'K4430', 'Schienenverkehrsges. mbH, Stuttgart'),
(434, 'K4431', 'Hzl, Strecke TT- TSIG'),
(435, 'K4432', 'NeSA (Neckar-Schwarzwald-Alb GmbH)'),
(436, 'K4437', 'Breisgau S-Bahn'),
(437, 'K4439', 'Breisgau S-Bahn Sonderfahrten'),
(438, 'K4443', 'Wincanton Rail GmbH'),
(439, 'K4447', 'Ortenau-S-Bahn GmbH'),
(440, 'K4449', 'GfE Gesellsch. f. Eisenbahnbetrieb mbH'),
(441, 'K4454', 'UEF Eisenbahn- Verkehrsgesellschaft mbH'),
(442, 'K4456', 'Bodensee-Oberschwabenbahn (BOB) 2002'),
(443, 'K6403', 'Zürcher, Meisenheim'),
(444, 'K6405', 'Monti GmbH'),
(445, 'K6411', 'Leonhard Weiss, Göppingen'),
(446, 'K6415', 'MEV,  Eisenbahnverk. GmbH, NL Lu-hafen'),
(447, 'K6416', 'MEV, Eisenbahnverk. GmbH, NL Leipzig'),
(448, 'K6419', 'Leonhard Weiss Logistik'),
(449, 'K6425', 'ELBA Logistik GmbH'),
(450, 'K7011', 'IAV Kunde (Pv)'),
(451, 'K7012', 'IAV Kunde (Gv)'),
(452, 'K7013', 'IAV Kunde (Sonst_V)'),
(453, 'K9940', 'NL Südwest, BZ (nur für GFD)'),
(454, 'K9941', 'NL Südwest, GB Netz (nur für GFD)'),
(455, 'L1251', 'Verkehrsbetrieb Mitteldeutschland'),
(456, 'L1252', 'Verkehrsbetrieb Südostsachsen'),
(457, 'L1253', 'Verkehrsbetrieb Thüringen'),
(458, 'L1255', 'Verkehrsbetrieb Elbe-Saale'),
(459, 'L1256', 'Verkehrsbetrieb Mitteldeutschland'),
(460, 'L1257', 'ElbeSaale Bahn GmbH'),
(461, 'L1260', 'CD Reiseverkehr'),
(462, 'L1452', 'Railion D., TB EWV CZ Halle (Zgg 63-65)'),
(463, 'L1460', 'CD Güterverkehr'),
(464, 'L1715', 'Instandhaltung DB Netz, RB Südost'),
(465, 'L3501', 'Südthüringen Bahn (Pv)'),
(466, 'L3503', 'DB Services Südost Fahrzeugdienste'),
(467, 'L3506', 'Heavy Haul Power International GmbH'),
(468, 'L3507', 'LEG Leipziger Eisenbahnverkehrsges. mbH'),
(469, 'L3508', 'DB Services Fahrwegdienste Log. Nord'),
(470, 'L3509', 'DB Services Fahrwegdienste Log. Süd'),
(471, 'L3510', 'Mansfelder Bergwerksbahn'),
(472, 'L3511', 'Ferropolis, Bergbau- u. Erlebnisbahn e.V'),
(473, 'L3514', 'DB Services Fahrwegdienste Log. Nord'),
(474, 'L3517', 'Muldental-Eisenbahnverkehrs Ges.mbH'),
(475, 'L3518', 'Fahrzeugwerk Niedersachsenwerfen GmbH'),
(476, 'L3519', 'Mansfelder Bergwerksbahn Gv'),
(477, 'L3520', 'Freiberger Eisenbahngesellschaft mbH'),
(478, 'L3521', 'Muldentalbahn (IG Dampflok 58 3047)'),
(479, 'L3522', 'Lausitzbahn GmbH'),
(480, 'L3523', 'Sächsisch-Böhmische Eisenbahn'),
(481, 'L3525', 'SKL Umschlagservice GmbH, Magdeburg'),
(482, 'L3526', 'Verein Sächsischer Eisenbahnfreunde'),
(483, 'L3529', 'Sächs-Oberlausitzer Eb Pv historisch'),
(484, 'L3530', 'Pressnitztalbahn Pv historisch'),
(485, 'L3533', 'Mitteldeutsche Eisenbahn Ganzzugverkehre'),
(486, 'L3534', 'ARCO Transportation'),
(487, 'L3536', 'Pressnitztalbahn Espenhain'),
(488, 'L3537', 'ITL Cargo GmbH'),
(489, 'L3538', 'Rennsteigbahn GmbH'),
(490, 'L3540', 'ELL Eisenbahn Logistik Leipzig GmbH'),
(491, 'L3541', 'Kompetenz für schienengebundene Verkehre'),
(492, 'L3542', 'Erfurter Bahnservice GmbH'),
(493, 'L3543', 'EIB GmbH, Kissinger Stern'),
(494, 'L3544', 'Veolia Verkehr Sachsen-Anhalt GmbH'),
(495, 'L3545', 'Veolia Verkehr Sachsen-Anhalt, Str.6366'),
(496, 'L3549', 'Werra Eisenbahnverkehrsgesellschaft mbH'),
(497, 'L3551', 'MEG Mineralölverkehre Transpetrol'),
(498, 'L3552', 'Regio-Infraservice Sachsen GmbH'),
(499, 'L3564', 'Pressnitztalbahn für ECCO CARGO'),
(500, 'L3565', 'ITL Benelux B.V. für ITL Cargo'),
(501, 'L3566', 'ITB, Waggonbau Altenburg'),
(502, 'L4502', 'Dampfzugbetriebsgemeinschaft Loburg'),
(503, 'L4505', 'Vogtlandbahn GmbH, Reichenbach Regelv.'),
(504, 'L4508', 'Wismut GmbH, Chemnitz'),
(505, 'L4512', 'Kreisbahn Mansfelder Land GmbH, Helbra'),
(506, 'L4513', 'InfraLeuna GmbH,  Leuna'),
(507, 'L4516', 'ITB Industrie Transport Ges. Brandenburg'),
(508, 'L4517', 'PBSV Magdeburg Baulogistik Güterverkehr'),
(509, 'L4518', 'Regiobahn Bitterfeld GmbH (RBB)'),
(510, 'L4521', 'Anhaltinische Bahn Ges. (ABG) Dessau'),
(511, 'L4522', 'Deutsche Gleisbau Material Transport Gmb'),
(512, 'L4527', 'Harzer Schmalspurbahnen, Wernigerode'),
(513, 'L4531', 'Erfurter Industriebahn GmbH,Regelverkehr'),
(514, 'L4532', 'Hörseltalbahn GmbH Eisenach'),
(515, 'L4534', 'Stahlwerk Thüringen GmbH'),
(516, 'L4538', 'Sächs-Oberlausitzer Eisenb.gesell Zittau'),
(517, 'L4539', 'Vogtlandbahn GmbH, Reichenbach Sonderv.'),
(518, 'L4543', 'Traditionsbahn Radebeul e.V.'),
(519, 'L4544', 'Erfurter Industriebahn GmbH,Sonderverk.'),
(520, 'L4545', 'City Bahn Chemnitz Regelverkehr'),
(521, 'L4546', 'City Bahn Chemnitz Sonderverkehr'),
(522, 'L4548', 'Burgenlandbahn GmbH,  Regelv.'),
(523, 'L4551', 'PBSV Magdeburg, Güterverkehr'),
(524, 'L4556', 'Bombardier Transp. DWA, Halle'),
(525, 'L4557', 'ITL-EisenbahnGes. Güterverkehr'),
(526, 'L4558', 'Lappwaldbahn, Weferlingen'),
(527, 'L4559', 'ITL-Eisenbahnges. (ITL) Baulogistik'),
(528, 'L4561', 'BASF AG, Werk Schwarzheide'),
(529, 'L4563', 'BVO Bahn GmbH, Annaberg-Buchholz'),
(530, 'L4564', 'Erfurter Industriebahn GmbH, Güterverkeh'),
(531, 'L4571', 'TABEG Tanklager Lederhose (Gv)'),
(532, 'L4572', 'Pressnitztalbahn'),
(533, 'L4902', 'Werk Dessau'),
(534, 'L4903', 'Alstolm Lokomotiven Service GmbH'),
(535, 'L4904', 'PKP Cargo'),
(536, 'L4905', 'CD Durchgangsverkehr Pauschale'),
(537, 'L5501', 'Dampflokwerk Meiningen'),
(538, 'L6301', 'Mitteldeutsche Eisenbahn GmbH'),
(539, 'L6302', 'Mitteldeutsche Eisenbahn GmbH Böhlen'),
(540, 'L6303', 'Mitteldeutsche Eisenbahn , Rüdersdorf'),
(541, 'L6501', 'Jumbo Tec GmbH, Schwarze Pumpe'),
(542, 'L6504', 'Preßnitztalbahn für Eurogleis'),
(543, 'L6505', 'Muldentalbahn für Lasch GmbH'),
(544, 'L6506', 'Krebs Gleisbau Dresden'),
(545, 'L6508', 'Gleisbau Busching Wagner, Wasserleben'),
(546, 'L6509', 'Jumbo Tec GmbH Geißeltal'),
(547, 'L6514', 'Erfurter Gleisbau GmbH, Erfurt'),
(548, 'L6522', 'Regiobahn Bitterfeld (Bau)'),
(549, 'L6523', 'LOTRAC GmbH'),
(550, 'L6525', 'Thüringer Eisenbahn GmbH'),
(551, 'L6526', 'MEB Bahndienstleistungen GmbH, NL Magdeb'),
(552, 'L6527', 'MEB Bahndienstleistungen GmbH, NL Berlin'),
(553, 'L6529', 'Ascherslebener Verkehrsgesellschaft'),
(554, 'L6530', 'DB Services Fahrwegdienste Log. Süd'),
(555, 'L6531', 'IPZ GmbH'),
(556, 'L6532', 'Rail Technology & Logistics GmbH'),
(557, 'L6822', 'DB Bahnbau GmbH GF Leit- u Sicherungst.'),
(558, 'L6823', 'DB Bahnbau GmbH GF Telekommunikation'),
(559, 'L6824', 'DB Bahnbau GmbH GF Elektroenergieanlagen'),
(560, 'L6825', 'DB Bahnbau GmbH GF Oberleitungsanlagen'),
(561, 'L6826', 'DB Bahnbau GmbH GF Wiedervw. Ob.bau.mat.'),
(562, 'L7011', 'IAV Kunde (Pv)'),
(563, 'L7012', 'IAV Kunde (Gv)'),
(564, 'L7013', 'IAV Kunde (Sonst_V)'),
(565, 'L7550', 'RNV Erzgebirgsbahn'),
(566, 'L7551', 'RNV Oberweisbacher Berg- u. Schwarzatalb'),
(567, 'L9950', 'NL Südost, BZ (nur für GFD)'),
(568, 'L9951', 'NL Südost, GB Netz (nur für GFD)'),
(569, 'M0420', 'FTZ BT 400 München'),
(570, 'M1254', 'DB Regio Bayern'),
(571, 'M1452', 'Railion D., TB EWV CZ Münch (Zgg 63-65)'),
(572, 'M1453', 'Railion D., TB EWV CZ Nürnbg (Zgg 63-65)'),
(573, 'M1714', 'I.NDI-NÜR-L , BNB Süd'),
(574, 'M3601', 'Bayerische CargoBahn GmbH'),
(575, 'M3602', 'SBB GmbH, ALEX (PV)'),
(576, 'M3603', 'SBB GmbH; ALEX (GV)'),
(577, 'M3604', 'Lokomotion'),
(578, 'M3605', 'TX Logistik AG'),
(579, 'M3606', 'RCN Logistik GmbH'),
(580, 'M3607', 'TXL Österreich GmbH'),
(581, 'M3609', 'TXL Schweiz GmbH'),
(582, 'M3611', 'SRS RailService GmbH'),
(583, 'M3612', 'Lokomotion Kombi'),
(584, 'M3613', 'Vogtlandbahn GmbH, Viechtach'),
(585, 'M3614', 'Stauden- Verkehrs GmbH'),
(586, 'M3615', 'Bahnbetriebsgesellschaft Stauden mbH'),
(587, 'M3616', 'EBW Eisenbahn- Bewachungs- GmbH'),
(588, 'M3617', 'Rail Cargo Austria AG'),
(589, 'M3622', 'Int.Ges.f.Eisenbahnverk. IGE GmbH&Co.KG'),
(590, 'M3623', 'Int.Ges.f.Eisenbahnverk. IGE GmbH&Co.KG'),
(591, 'M3624', 'ÖBB Personenverkehre AG'),
(592, 'M3625', 'Bayerische Regiobahn GmbH PV'),
(593, 'M3626', 'Salzburger Localbahn GmbH'),
(594, 'M3627', 'PCT Private Car Train'),
(595, 'M3628', 'Reuschling Bahn und Service GmbH'),
(596, 'M3629', 'Dispolok GmbH'),
(597, 'M3630', 'ÖBB Personenverkehr AG,RL Salzburg'),
(598, 'M3631', 'ÖBB Personenverkehr AG,RL Oberösterreich'),
(599, 'M3632', 'ÖBB Personenverkehr AG,RL Tirol'),
(600, 'M3633', 'ÖBB Personenverkehr AG,RL Vorarlberg'),
(601, 'M3635', 'RTS Rail Transport Service Ger. GmbH-RV'),
(602, 'M3636', 'RTS Rail Transport Service Ger. GmbH-SV'),
(603, 'M3637', 'RTS Rail Transport Service Ger. GmbH-Bau'),
(604, 'M3638', 'RTS Rail Transport Service GmbH (Grenze)'),
(605, 'M4601', 'Bayern Bahn Betriebsges. mbH'),
(606, 'M4603', 'Regental Bahnbetriebs-GmbH (RBG) Viecht.'),
(607, 'M4604', 'Augsburger Localbahn GmbH'),
(608, 'M4605', 'DFS Dampfbahn Fränkische Schweiz, Eber.'),
(609, 'M4606', 'FME Fränkische Museums-Eisenbahn Nürnb.'),
(610, 'M4609', 'ESG Augsburg'),
(611, 'M4611', 'Frankenbahn GmbH Nürnberg'),
(612, 'M4612', 'Siemens AG Verkehrstechnik Erlangen'),
(613, 'M4613', 'Bayerische Oberlandbahn (BOB)'),
(614, 'M4614', 'Dispolok GmbH'),
(615, 'M4618', 'Siemens AG  Erlangen (VT 605)'),
(616, 'M4619', 'Siemens AG Erlangen (Tfzf)'),
(617, 'M4620', 'Bayerische CargoBahn GmbH'),
(618, 'M4627', 'Regental Bahnbetriebs-GmbH (RBG)  (GV)'),
(619, 'M6601', 'Eichholz GmbH, Lauda'),
(620, 'M6607', 'Ges. f. maschin. Gleisbau, München'),
(621, 'M6608', 'Xaver Riebel, Buchloe'),
(622, 'M6611', 'Hubert Joseph GmbH, 90426 Nürnberg'),
(623, 'M6614', 'Europool GmbH & Co KG'),
(624, 'M6616', 'DB Gleisbau GmbH TO1, Augsburg'),
(625, 'M6617', 'DB Gleisbau GmbH TO2, Augsburg'),
(626, 'M6618', 'DB Gleisbau GmbH TO3, Augsburg'),
(627, 'M6619', 'DB Gleisbau GmbH TS , Augsburg'),
(628, 'M6620', 'Spitzke Logistik GmbH'),
(629, 'M6621', 'RCN Logistik GmbH'),
(630, 'M6622', 'DBG Augsburg, AVI München'),
(631, 'M7011', 'IAV Kunde (Pv)'),
(632, 'M7012', 'IAV Kunde (Gv)'),
(633, 'M7013', 'IAV Kunde (Sonst_V)'),
(634, 'M7401', 'VB S-Bahn München - im RB Bayern'),
(635, 'M7502', 'GYSEV (Freight-Freeway)'),
(636, 'M7503', 'Ökombi (Freight-Freeway)'),
(637, 'M7550', 'RNV Südostbayernbahn'),
(638, 'M7551', 'RNV Südostbayernbahn (Gv)'),
(639, 'M9701', 'DB Instandhaltung Süd ST Nürnberg'),
(640, 'M9702', 'DB Instandhaltung Süd ST X2'),
(641, 'M9703', 'DB Instandhaltung Süd ST X3'),
(642, 'M9704', 'DB Instandhaltung Süd ST X4'),
(643, 'M9705', 'DB Instandhaltung Süd ST X5'),
(644, 'M9706', 'DB Instandhaltung Süd ST X6'),
(645, 'M9707', 'DB Instandhaltung Süd ST X7'),
(646, 'M9708', 'DB Instandhaltung Süd ST X8'),
(647, 'M9709', 'DB Instandhaltung Süd ST X9'),
(648, 'M9960', 'NL Süd, BZ (nur für GFD)'),
(649, 'M9961', 'NL Süd, GB Netz (nur für GFD)'),
(650, 'V9999', 'Falsch zugeordneter Kunde im TPR'),
(651, 'Z0450', 'DB Netz Notfalltechnik I.NPB'),
(652, 'Z1351', 'DB Fernverkehr AG'),
(653, 'Z1352', 'DB Charter'),
(654, 'Z1451', 'Railion Deutschland AG,TPB GAG, Zentrale'),
(655, 'Z1452', 'Railion Deutschland AG,TPB GAG, (OSS)'),
(656, 'Z1453', 'Railion Deutschland AG,TPB KombinV'),
(657, 'Z1454', 'Railion Deutschland AG,TPB KombinV (OSS)'),
(658, 'Z1455', 'Railion Deutschland AG, Montan-Bahn'),
(659, 'Z1456', 'Railion Deutschland AG, Montan-Bahn(OSS)'),
(660, 'Z1461', 'Railion Deutschland AG, TPB EWV, Zentr'),
(661, 'Z1462', 'Railion Deutschland AG, TPB EWV,  (OSS)'),
(662, 'Z1468', 'Railion D AG, TPB EWV, Abgr APS/TPS'),
(663, 'Z1471', 'RAILION Intermodal Traction GmbH (OSS)'),
(664, 'Z1472', 'RAILION Intermodal Traction GmbH, TB KV'),
(665, 'Z1481', 'Railion Deutschland AG, Lok-Trassen'),
(666, 'Z2601', 'DB AutoZug GmbH'),
(667, 'Z3000', 'Pauschale Trassentgelte  SBB'),
(668, 'Z4601', 'DB Museum'),
(669, 'Z4611', 'DB Museum VT11.5');

commit;